image, efficiency, wastedBytes, userWastedPercent
lucianmachado/mongo, 98.7994, 6188141, 2.1576
v3rg1l/mongodb, 99.2484, 4496405, 1.6064
tianon/nginx, 98.9522, 3420113, 5.8201
teknologist/mongo, 99.1632, 3458859, 1.9580
sshejwal/mysql, 98.6278, 8306030, 1.9352
ferry/mongodb, 91.1874, 85949892, 11.7713
floulab/mysql, 97.9760, 11550391, 2.6646
adriftdev/mongodb, 99.2997, 4604000, 2.7312
baffledbear/nginx, 97.8834, 16654117, 2.8956
microimages/mysql, 94.7346, 5455888, 5.5426
icebear8/nginx, 94.1366, 3555662, 12.8361
vyrphan/mongodb, 93.8374, 24552344, 12.2898
posohof/java, 95.8163, 31785972, 5.0668
davidrueda/cassandra, 40.4529, 1100377054, 71.2452
nexusstats/mongo, 99.6449, 1802822, 0.6004
hope/mongodb, 99.1968, 3248231, 1.5068
srdc/cassandra, 88.0895, 147331778, 17.3274
actionspec/nginx, 98.4253, 3646461, 6.3811
dockershelf/mongo, 99.5522, 3502009, 1.1743
bridg/java, 96.1167, 28188985, 4.9181
arm64v8/cassandra, 98.0430, 7494988, 3.1050
getteaminsight/mongodb, 95.9517, 47361879, 12.1263
innolend/nginx, 99.0798, 146904, 1.7297
fox91/nginx, 98.9533, 3410269, 5.8945
linuxserver/mysql, 61.9934, 334455594, 96.9890
iron/java, 96.9173, 6446455, 6.3853
girish/mysql, 87.9401, 137732629, 15.1909
iottech/cassandra, 96.2270, 30752463, 7.1195
kubegun/cassandra, 98.4809, 7529278, 3.1224
tamurayoshiya/mysql, 99.2477, 3443222, 1.2176
xomaod/cassandra, 99.3387, 3969528, 1.7394
edxops/mongo, 89.5429, 144401657, 19.2857
jianhao/mongodb, 93.4996, 28575488, 9.0455
spidasoftware/mongodb, 94.7771, 27985212, 9.0383
m4n1ch/mysql, 89.3499, 93654964, 19.9868
eliocity/cassandra, 98.7455, 6819855, 2.6222
gautam/mysql, 89.8315, 41033016, 8.8350
timfallmk/cassandra, 93.7703, 56551739, 7.1056
boomtownroi/nginx, 61.9457, 147724383, 81.6529
aptible/mysql, 99.2574, 6907643, 1.1468
datawiseio/cassandra, 99.3536, 3898811, 1.7078
wederbrand/java, 91.4209, 117184966, 11.6001
vepo/mongo, 99.9590, 74206, 0.0635
projectomakase/mysql, 98.5075, 8295631, 2.1300
criblesoftware/cassandra, 98.7993, 6727996, 2.2313
leonidlm/cassandra, 90.7522, 61493441, 13.8155
cloudr/mysql, 99.0749, 5421598, 1.8378
simapple/mysql, 75.5346, 216021490, 50.2515
chromko/mongodb, 90.7116, 33863093, 14.2186
ibmcase/mysql, 98.2576, 10075984, 2.8923
kursatkeles/mysql, 99.0090, 5270645, 2.0755
vase/mongo, 98.7695, 6120566, 2.1896
vasanthkalli/cassandra, 98.2429, 7439966, 2.7770
yfix/nginx, 88.6690, 44103090, 23.7751
adambrown/java, 94.4403, 35464298, 9.9174
enas/mongo, 98.7995, 6186847, 2.1572
iconviet/nginx, 98.9389, 251122, 1.5786
mschoch/java, 93.2410, 59739077, 16.5130
devmtl/mysql, 96.8697, 14737512, 5.1439
derdiedasjojo/mongodb, 96.3069, 14398663, 5.5100
moztr/nginx, 99.5714, 50759, 1.9614
evoman91/mongodb, 99.5865, 3460031, 1.0111
francisjgarcia/mysql, 99.5979, 3568392, 0.9596
blkpark/mongodb, 99.2702, 4472661, 1.5408
i386/java, 98.8599, 9351863, 1.8099
aquaomri/nginx, 98.2575, 3500194, 6.7017
caperneoignis/mysql, 98.2877, 7686785, 3.5075
beevelop/java, 93.4224, 34180176, 9.5883
zolotoykod/mysql, 97.6504, 12605471, 3.9601
infrascloudy/mongo, 89.3323, 68612652, 20.6443
arm64v8/nginx, 98.3424, 3648127, 6.4367
cloudawan/cassandra, 94.4197, 30705658, 9.6437
tklx/mysql, 82.2302, 91090848, 36.4477
bzohdy/java, 99.8146, 248997, 0.2059
goyalkaruna03/mongodb, 94.3227, 24560243, 10.4952
kirklatslalom/mysql, 98.8990, 5146035, 2.0057
meabed/cassandra, 98.9208, 12019653, 1.3103
orchardup/mysql, 92.7949, 21895494, 7.4897
sapk/java, 98.2836, 3515065, 3.5473
rinscy/cassandra, 98.6159, 7239166, 2.7572
gridium/nginx, 98.2007, 3597369, 6.6711
blkpark/mysql, 98.2896, 7669718, 3.4935
argussecurity/cassandra, 98.6997, 9678885, 2.0146
incodehq/java, 99.9206, 77837, 0.1103
waitingkuo/mongodb, 98.0313, 18713469, 5.3244
dwolla/java, 99.5933, 407753, 0.4971
openhades/nginx, 90.0995, 42760339, 171.8541
rupeshrajkarn/cassandra, 98.2603, 10415942, 2.3578
zyrill/nginx, 82.6584, 6470444, 49.3904
lysender/mysql, 77.0929, 282334412, 50.0687
geru/mongodb, 98.7825, 6169618, 2.1902
markusma/mongodb, 85.9170, 101612471, 29.4900
egofelix/nginx, 99.5281, 57965, 3.6371
brzda/mysql, 98.5074, 8296245, 2.1301
healthcheck/mongo, 98.6546, 6578732, 2.0384
bowery/java, 89.8895, 233158174, 18.0233
miko2u/mysql, 95.3233, 60496005, 7.5999
xiaobin/java, 95.7923, 7155171, 8.7080
davinbao/nginx, 99.3378, 140914, 1.0170
heathrow/mysql, 97.5751, 10989511, 3.3350
leanlabs/nginx, 99.3522, 80771, 5.4680
dhrp/mysql, 100.0000, 0, 0.0000
engines/nginx, 58.3187, 326992481, 111.0613
exadra37/nginx, 98.1934, 3601865, 6.7116
racepace/mysql, 98.5558, 7700483, 2.7041
twist/mongodb, 94.8673, 24599558, 5.2787
geschke/mongodb, 99.4149, 3621370, 1.5617
endgame/cassandra, 95.2713, 42636751, 5.6568
mishamx/nginx, 98.5622, 3831019, 16.8933
jooyeong/cassandra, 90.5601, 46247818, 11.1393
vaibhavtodi/mongodb, 86.7735, 72478282, 21.3546
quilt/mongo, 96.9479, 15979355, 6.8766
bitwarden/nginx, 97.5989, 4925028, 7.7495
kuzaxak/nginx, 96.2745, 4160545, 7.4798
tsuru/java, 92.7508, 52915629, 8.7300
vssware/mongodb, 94.1805, 62950878, 14.5979
omneedia/nginx, 98.7401, 2807093, 2.8451
libertaria/nginx, 79.3566, 70980365, 37.6089
laradock/mysql, 68.7671, 300712224, 87.4333
ardeveloppement/nginx, 98.9603, 4010303, 4.6288
bask02451/nginx, 91.2972, 52259924, 25.5979
zzyin/cassandra, 98.7393, 6677579, 2.3842
dillonlin/cassandra, 99.0410, 7401883, 1.3874
hasnimehdi2020/mongo, 98.5679, 6580212, 2.1973
mapic/mongo, 98.7784, 6169201, 2.1996
committed/java, 99.5794, 3396893, 1.0102
tommylau/mysql, 98.5075, 8295631, 2.1300
blacklabelops/nginx, 97.8529, 1106230, 2.4026
radial/nginx, 66.6317, 118001619, 136.7831
aliem/java, 99.6275, 698384, 0.6707
sgn0/java, 99.8955, 99065, 0.1376
jkoreska/nginx, 98.6232, 2673150, 15.8515
covex/mysql, 98.5512, 7724560, 2.7241
mswebmaster/mysql, 99.9055, 187182, 0.1090
m6web/mysql, 99.0494, 5335396, 1.9254
pattyold/mysql, 98.2223, 8273004, 2.6112
pivotaledu/mongodb, 98.8372, 2271823, 1.3687
samejack/mysql, 70.0520, 254205658, 91.3904
frosenberg/cassandra, 98.7503, 7234744, 2.1433
bfranzen1/mysql, 98.6045, 8314353, 1.9717
propcom/nginx, 99.5716, 50759, 1.9596
mukeshrajmca/mysql, 98.5076, 8313209, 2.1345
johnsmith0209/mysql, 82.7926, 110209607, 24.5890
dell/mongodb, 92.4090, 45469077, 11.2869
zhicwu/cassandra, 85.7420, 219203925, 22.3436
piercecave/mysqldb, 98.5414, 8331721, 2.0781
venosyd/mongo, 91.2609, 40285835, 9.1034
mravi/mongodb, 56.1726, 557707290, 100.1528
apptechdev/mysql, 98.5075, 8295631, 2.1300
kolesnikovkonstantin/cassandra, 99.3041, 4682150, 1.4968
openflightmaps/mysql, 99.4272, 3630505, 1.4579
pulp/mongodb, 74.5978, 140490639, 45.2353
loggi/java, 99.8915, 177286, 0.1246
mobsted/nginx, 98.2051, 3585412, 6.6629
songshenzong/nginx, 98.5577, 314868, 1.9160
endocode/cassandra, 81.4530, 219981890, 26.2197
datajoint/mysql, 98.3012, 8280988, 2.4760
ccistaging/mongo, 98.5679, 6580212, 2.1973
besthappy/nginx, 98.9341, 253062, 1.5905
pmdcosta/cassandra, 90.5513, 46329537, 11.1551
blburns/mongo, 99.2470, 4496405, 1.6103
rjain15/mongodb, 90.1221, 67061890, 24.8953
prima/nginx, 99.5167, 631043, 0.5193
vfang/cassandra, 98.7606, 6809836, 2.5751
fulbito/cassandra, 94.8789, 30289813, 8.5638
xdevdavinci/mysql, 99.0979, 8134134, 1.3169
wzshiming/mysql, 98.2200, 8296435, 2.6199
cburki/mongodb, 99.5440, 3554130, 1.1066
ip2location/mysql, 99.5371, 3637479, 0.9680
gpdowning/java, 98.9328, 12886359, 1.4108
s390x/java, 98.8219, 8995160, 1.9346
umutcelikcomtr/mysql, 99.3959, 3717663, 1.5742
petsymx/nginx, 98.1725, 1732419, 3.2531
fisbo/mysql, 98.4973, 7812792, 2.7551
vkarassouloff/mysql, 99.2796, 3773812, 2.2874
razvanm/mysql, 95.1500, 22862123, 8.4041
refarchie/nginx, 90.6785, 110703624, 16.7087
xemuliam/mongo, 99.9304, 203684, 0.0823
endrjuskr/mysql, 82.8886, 56665729, 43.4818
almasry/mongodb, 98.7141, 6887816, 2.4551
luis/mongodb, 91.6286, 36480391, 11.8803
jjusianiec/cassandra, 98.2138, 7548917, 2.8173
toqoz/mysql, 99.6069, 4041153, 0.7705
ragedunicorn/mysql, 98.7891, 5738725, 1.6955
wildme/nginx, 98.1945, 3618462, 6.7410
gregbk/nginx, 98.9621, 3399035, 5.7854
edyan/nginx, 97.9505, 2627908, 5.1645
hybsearch/java, 98.5613, 6363919, 2.4828
brickr/mongodb, 99.6425, 635398, 0.3810
xjimmyshcn/mysql, 99.0494, 5335396, 1.9255
uanorman/mongo, 92.6818, 44225222, 10.4958
oukone/mongodb, 93.8968, 26772455, 11.3116
extremeshok/nginx, 63.9556, 84984230, 55.0299
vikingco/cassandra, 84.8983, 173108885, 21.5185
karhoo/mysql, 98.2216, 8273000, 2.6125
iacopo/nginx, 98.9843, 3696186, 4.0543
szewec/java, 70.6985, 368609882, 71.1582
prajnainc/cassandra, 98.6693, 7436674, 2.4705
rainist/cassandra, 98.4446, 7888682, 3.0128
zoomulus/cassandra, 88.2986, 54179873, 17.2562
krispharper/nginx, 97.7044, 5669973, 4.7828
evgenyg/java, 90.6774, 108632608, 14.9416
aolins/cassandra, 96.1462, 17335586, 7.2262
thinkin/cassandra, 98.2213, 7450484, 2.7805
synopsis/nginx, 98.1923, 3603737, 6.7149
bamx/nginx, 88.2863, 5509564, 27.8232
nightech/nginx, 96.7011, 5803352, 8.5691
vukor/mysql, 81.0244, 117317797, 24.7184
mserrate/cassandra, 91.2872, 62089401, 13.6806
peerbelt/cassandra, 96.5535, 29250774, 4.3767
irraz/mysql, 90.0002, 60794474, 19.4646
withinboredom/mysql, 88.8524, 63838989, 18.2707
profidata/nginx, 99.4499, 112350, 1.0701
lbanchio/mysql, 99.3959, 3717645, 1.5742
akhs/cassandra, 98.9181, 15151024, 1.7929
travix/nginx, 99.5389, 51493, 3.5249
genebarker/java, 99.2248, 4011390, 2.4203
walkerlee/nginx, 99.4973, 48172, 3.5253
cloudboost/mongo, 98.4780, 6442735, 2.9020
gcarre/java, 99.7058, 2661714, 0.6530
ikimea/nginx, 97.3931, 5840053, 5.7047
nirmalgupta/cassandra, 98.8084, 6064660, 2.4137
danmactough/mysql, 99.3959, 3717663, 1.5742
gorillajs/mysql, 90.1558, 78336807, 22.8280
rluta/cassandra, 100.0000, 0, 0.0000
state/mongodb, 72.3315, 495452727, 53.9508
chrisgarrett/mongo, 99.8212, 637373, 0.2784
tutum/mongodb, 95.2512, 24541338, 7.7891
youpin/nginx, 79.7567, 36009333, 66.1035
cloneme/nginx, 99.2206, 3991945, 2.0434
cloudposse/mysql, 98.2393, 8639046, 2.5338
devries/nginx, 85.6935, 38428604, 27.2462
richardyft/java, 93.5375, 59301661, 9.3576
roadmunk/mongo, 94.7122, 19890082, 7.4905
calliope/cassandra, 87.1242, 174903394, 22.7609
mjrone/mysql, 98.6046, 8331621, 1.9758
gsong/nginx, 98.9404, 255057, 1.5731
marcialr/mysql, 82.8767, 56625861, 17.8005
dperson/nginx, 93.5828, 2155153, 14.9879
lucilecoutouly/cassandra, 98.8494, 10005596, 1.7500
cogentwebs/mongodb, 98.3415, 2182035, 1.7398
plainpicture/cassandra, 98.7647, 6371131, 2.4245
labdocker/mysql, 98.6278, 8306026, 1.9352
dokie/cassandra, 97.9089, 23603465, 4.0424
aerth/mysql, 94.6443, 27232658, 9.5842
marmotcai/java, 95.8386, 35865171, 5.0477
minorut/mysql, 98.1623, 8090522, 3.6041
benclarkwood/cassandra, 98.2184, 9398671, 3.1527
ppc64le/nginx, 98.8362, 3649075, 5.5971
royjoydeep1/cassandra, 98.2433, 7439207, 2.7767
munkyboy/cassandra, 99.5724, 4159256, 0.5413
camdenx/java, 92.9595, 72685915, 13.4133
jelastic/mysql, 83.4378, 410755796, 26.1627
appertly/nginx, 96.8938, 5719089, 7.8118
romaincottechauffeurprive/mongo, 87.1954, 26653087, 5.2711
gennitor/cassandra, 92.5419, 30249196, 17.4660
songshenzong/mysql, 98.5572, 7700251, 2.7003
murrays/mongo, 95.9765, 37545568, 7.4815
wzshiming/nginx, 99.7943, 52158, 0.4533
sammlerio/mongo, 91.3323, 32962495, 13.1117
skandyla/mongo, 98.7782, 6205827, 2.2069
thinkiq/mysql, 98.2343, 12467554, 2.2465
yaroslavderman/nginx, 99.7770, 142745, 0.2889
kjunine/mongodb, 91.0216, 74844466, 13.2028
skyscrapers/mysql, 99.3991, 3674792, 1.5625
aallam/mysql, 99.2793, 3774556, 2.2886
raisoft2008/nginx, 97.0693, 5877564, 6.8133
maxexcloo/java,,,
mysql, 98.5693, 8332617, 2.0328
adamalex/cassandra, 95.2716, 42630010, 5.6557
shantanuo/mysql, 97.6848, 7918910, 5.7092
bigcheng/mysql, 81.7106, 173371894, 38.4546
ad681s/cassandra, 98.4179, 8104922, 3.0914
kiskae/cassandra, 95.0271, 27819165, 6.9556
fleettracker/mongodb, 92.3364, 18863590, 12.2949
niccaman/mysql, 98.2848, 8205252, 3.2051
ppc64le/java, 98.8216, 9034830, 1.9253
stefanjacobs123/cassandra, 98.7949, 7062341, 2.1137
olcms/nginx, 99.7755, 55083, 0.4785
smalllark/java, 90.9990, 97189439, 17.3326
forgerock/java, 99.3998, 706027, 0.6453
xlight/mysql, 98.7908, 5306597, 2.8130
sysradium/mysql, 99.0178, 5281712, 2.0283
openbmp/mysql, 93.8461, 67035104, 8.5431
stickee/nginx, 79.9974, 7924419, 54.7866
arifuse/mongo, 90.5624, 44464713, 13.3882
devdrops/nginx, 84.1333, 30178099, 53.1075
jimthedev/cassandra, 99.3432, 4017931, 1.6923
fermayo/mongodb, 100.0000, 0, 0.0000
claydonkey/mysql, 98.8052, 6450293, 2.5282
rockerbox/cassandra, 95.2473, 42569805, 5.6816
loblaw/mongodb, 99.0678, 5266216, 1.8883
ivories/nginx, 99.3961, 75491, 4.7083
itiqiti/mongodb, 98.8968, 6007398, 2.0201
maaydin/nginx, 98.4782, 4622782, 5.7554
emdzej/mysql, 99.8937, 176748, 0.1240
matlockx/cassandra, 97.6592, 22145007, 6.1700
twistedogic/mongo, 99.2473, 4479888, 1.6003
moderntribe/mysql, 99.9004, 196701, 0.1195
spakmaro/mongo, 98.7996, 6186717, 2.1571
zinobe/mongo, 90.2870, 41874949, 14.2798
techakcent/nginx, 99.4161, 58059, 4.0981
isaldarriaga/cassandra, 87.0859, 138493970, 21.0360
century/mongodb, 86.8118, 22597498, 23.1327
bibbox/java, 99.7527, 3361559, 0.5242
jkingyens/mongodb, 82.2567, 174967072, 30.7086
srikanthk/mysql, 99.0494, 5335396, 1.9255
kymy/mongodb, 99.0652, 5269849, 1.8956
rtcamp/nginx, 81.9548, 32049135, 55.8639
alexlukichev/cassandra, 99.2095, 4456873, 1.8514
3stadt/mysql, 98.3254, 8458626, 3.1006
calliopedevelopers/cassandra, 87.1242, 174903394, 22.7609
misecichin/nginx, 98.1989, 3597896, 6.6823
arhea/cassandra, 97.7452, 9775811, 3.2567
pivotalenablement/mysql, 99.1305, 7199082, 1.3613
kmurakawa/mysql, 99.3885, 3727188, 1.5879
mbentley/mysql, 99.3432, 3747918, 2.1407
takeyamajp/mysql, 98.5409, 8333775, 2.0786
brianmorgan/nginx, 87.0211, 29400993, 31.7040
rainist/nginx, 96.1970, 10441569, 8.3165
nasqueron/mysql, 98.6277, 8306954, 1.9354
mishamx/mysql, 98.5544, 7712411, 2.7082
vovimayhem/cassandra, 99.5629, 4275406, 0.8922
flowmoco/mysql, 98.3037, 10352455, 2.2639
shashankkoppar/cassandra, 98.6806, 6401417, 2.6467
coinpit/cassandra, 99.3194, 4154929, 1.6456
oriaks/mongodb, 99.5961, 3121311, 1.1344
faofenix/java, 91.4657, 75752772, 10.6536
positron/mongo, 98.7821, 6172670, 2.1913
lucasbcoelho/mongodb, 93.5021, 24519665, 13.6854
weldpua2008/nginx, 98.9640, 3404795, 5.9059
bde2020/cassandra, 98.7885, 6077408, 2.4652
frodenas/mongodb, 89.3167, 72922431, 19.5187
mhoush/mongo, 91.0840, 35419872, 13.2986
home1oss/mysql, 93.7013, 32866366, 63.1980
jkcjkc82/mongodb, 98.0065, 21173299, 6.3735
greatfox/mysql, 79.9787, 116419916, 53.0010
sillelien/cassandra, 99.3385, 3935186, 1.7245
omnisol/mysql, 98.2409, 9376792, 2.4521
maco222/mysql, 99.0552, 5303637, 1.9141
phpstorm/mysql, 97.8683, 14087947, 6.0788
decipherx/mysql, 92.7178, 50530799, 15.6143
dockerizedrupal/mysql, 98.5039, 8677851, 2.4692
mehditazi/cassandra, 98.8404, 6061258, 2.3375
alexcheng/cassandra, 98.2363, 7461487, 2.7844
gisecaromartinez/cassandra, 98.2431, 7441028, 2.7756
bigvikinggames/java, 91.1249, 41630277, 22.4076
bnusunny/nginx, 98.2009, 3598819, 6.6687
ubuntudeb/cassandra, 96.1723, 42128115, 4.7523
kreisys/cassandra, 94.9125, 49071062, 6.0739
asux/nginx, 98.1939, 3601245, 6.7105
dslabhhn/cassandra, 98.8393, 6044825, 2.3239
aakashkt/cassandra, 90.5148, 105263026, 15.9913
keybaseprivate/mysql, 98.8584, 5268234, 2.5856
ntbc/cassandra, 96.3954, 34485801, 5.3816
luiscavero/mysql, 99.3391, 3630132, 1.8233
epicsoft/nginx, 98.0168, 493991, 2.7652
dictcp/cassandra, 97.3867, 28923550, 5.0817
hubberlm/nginx, 96.5651, 13882419, 15.4748
dabsquared/nginx, 98.6592, 347534, 1.7442
tcsjh/java, 95.8447, 29066663, 5.2382
jonbrouse/mysql, 99.9441, 179599, 0.0644
hubberonline/nginx, 98.7890, 4249638, 5.6440
cobiro/nginx, 99.5794, 61239, 2.1525
jeffutter/mongodb, 95.2449, 24462835, 4.8684
ticketfly/mysql, 97.7458, 7451609, 3.7112
xaragroup/mysql, 98.7510, 5639825, 2.7632
frekele/nginx, 96.7738, 15065908, 10.3152
pushonltd/nginx, 98.9447, 200807, 1.8098
circleci/mongo, 98.6546, 6578732, 2.0384
peerlibrary/mongodb, 95.1734, 31287330, 8.8633
healthcheck/mysql, 98.5693, 8332617, 2.0328
finboxio/mongo, 98.2250, 8847741, 3.0548
qnib/mongodb, 53.8705, 1056598797, 59.9511
landier/cassandra, 99.3500, 3966014, 1.6947
qasymphony/mysql, 97.2366, 13603604, 4.3502
pixelfordinner/nginx, 98.8552, 271245, 1.7386
eswork/nginx, 99.8069, 140387, 0.2494
lashin/cassandra, 97.9466, 7873370, 3.6633
graviteeio/java, 99.7246, 256550, 0.3156
surenbika/mongo, 93.7340, 24539703, 12.6945
stratio/mongo, 96.5029, 41236151, 5.0411
patrickosborne/mongo, 51.8562, 623618706, 101.1667
zhouxiaoxiang/mysql, 98.7391, 6638077, 2.3490
washpost/mongodb, 98.8781, 6139340, 2.1268
webfatorial/nginx, 98.2544, 3533402, 6.6374
codingtony/java, 90.8967, 104043252, 13.8673
ehage/mongodb, 92.4540, 30035877, 11.6370
k200user/mysql, 60.5783, 332767712, 75.7475
wolferhua/mongo, 98.6722, 6585762, 2.0069
toru2220/nginx, 98.2055, 3585440, 6.6598
glorpen/nginx, 98.9445, 1517001, 1.3210
navyateja/mysql, 99.0176, 5282964, 2.0288
karanp/cassandra, 98.2055, 13241090, 3.5601
myprod/nginx, 96.5629, 6085008, 8.5145
tutum/nginx, 88.4104, 24462939, 133.2958
airdock/mongodb, 98.6530, 6393520, 3.0222
crunding/mysql, 99.3770, 3814863, 1.6365
marouen/mysql, 84.4740, 90252516, 24.0462
kiddom/cassandra, 98.2023, 7456983, 2.8418
racepace/nginx, 97.0372, 5549667, 7.3700
sierratecnologia/java, 94.9936, 38841226, 6.0809
kokosing/mysql, 97.0694, 21531552, 23.6717
amd64/cassandra, 98.2414, 7471574, 2.7842
mygento/mysql, 98.6087, 8154779, 2.9260
magarvey/nginx, 98.8330, 3632040, 7.3363
nextgearcapital/java, 96.5376, 33207951, 5.0042
dockerautomation1/mongo, 99.1194, 3580929, 2.0728
ericmann/java, 99.8602, 225723, 0.1568
tomasoares/mongo, 91.1302, 36240895, 13.0960
ilios/mysql, 98.2272, 8276198, 2.6026
kjunine/nginx, 83.1881, 70299136, 24.3161
evpsradiology/nginx, 98.8410, 564033, 1.3726
endika/mongodb, 90.6608, 68903864, 16.1962
airhacks/java, 95.0391, 39242108, 19.2607
konstruktoid/java, 97.5787, 13184651, 3.1544
haroungzh/mysql, 98.4988, 8309268, 2.1431
aspvr/mysql, 94.6565, 27235297, 9.5477
linuxconfig/nginx, 98.9330, 3500555, 4.5789
dnioqfp/cassandra, 98.7483, 7248712, 2.1574
cassandra, 98.2414, 7471574, 2.7842
ausybe/mysql, 98.4767, 8301231, 2.1870
yavende/nginx, 98.8217, 3815936, 5.4929
supportlobby/mysql, 96.4848, 21700844, 23.8485
java, 98.9057, 9049449, 1.7399
flux7labs/cassandra, 84.1181, 163042320, 19.9108
activeeon/cassandra, 98.2415, 7462559, 2.7843
rubinlab/mysql, 99.2564, 3378898, 1.7006
dvukolov/mongo, 98.0273, 9315843, 2.7518
thingsboard/cassandra, 98.2437, 7437930, 2.7759
databench/cassandra, 98.8408, 7964996, 1.9921
deizel/mysql, 99.3991, 3674792, 1.5625
poweroflinks/mysql, 98.2220, 8273000, 2.6117
cmptstks/nginx, 98.1727, 3979793, 6.8858
nitra/mongo, 77.3666, 240429343, 35.9999
getuojian/mysql, 98.7203, 6777086, 2.6529
wangzldocker/mongodb, 91.1524, 37674501, 12.8885
jacksoncage/mongo, 82.0560, 188869891, 31.7729
amd64/mongo, 98.6546, 6578732, 2.0384
softwareplant/mysql, 97.9311, 9517507, 2.9430
nanofi/mysql, 99.0724, 5417585, 1.8407
chromapdx/mongo, 96.3346, 13927223, 5.5444
protopilotfactory/java, 95.2206, 38195489, 7.9095
k200user/mongodb, 92.1158, 36174666, 10.9873
vfiump/cassandra, 93.2325, 73300921, 13.4805
wolfdeng/mysql, 99.9144, 192544, 0.0999
puffinrocks/mongo, 98.9406, 4527191, 2.0129
arvatolille/nginx, 98.2131, 3984095, 5.5919
falinux/mongodb, 97.8070, 23018364, 2.6935
ultra2/mongo, 99.0660, 5265906, 1.8867
tifayuki/java, 91.7910, 65760350, 11.8644
pingpongpulse/nginx, 99.7802, 143031, 0.2815
twdevops/java, 90.7587, 83468504, 12.6922
catapulte/mongodb, 99.0621, 5297188, 1.8992
erasmolpa/mongo, 99.0040, 4406791, 1.8941
uspgamedev/nginx, 98.2084, 3586974, 6.6358
josuediaz91/mongodb, 84.7917, 69276993, 20.6793
netknight/java, 98.5207, 13429005, 2.2810
darron/nginx, 100.0000, 0, 0.0000
velmuruganv/mysql, 98.4963, 7819765, 2.7556
atlo/mysql, 98.3533, 5656487, 3.0660
jerson/nginx, 95.4519, 1529076, 10.5839
3bagels/nginx, 95.9248, 1429106, 10.0858
angrimoz/mongodb, 92.0771, 33528734, 11.2993
kuberdock/mysql, 99.0166, 5303862, 2.0446
rexsoftware/nginx, 99.2451, 69466, 3.2924
gazpowell/mongodb, 89.4711, 43421473, 7.6199
jwaldrip/mysql, 88.0107, 85271190, 20.2559
freenas/nginx, 98.9522, 3420113, 5.8201
versates/java, 99.8316, 3548509, 0.3204
artemeff/cassandra, 98.4269, 7958046, 3.0384
jkosgei/mysql, 99.0155, 5312132, 2.0478
yfix/mongo, 91.3522, 36619340, 12.5909
stanleygu/mongodb, 90.0450, 73158908, 15.3098
ndegory/cassandra, 98.6451, 7148367, 2.7233
cannin/mongodb, 93.8751, 40192520, 11.8942
castelislogice/mysql, 98.5821, 6055957, 3.4635
kavlez/java, 98.9599, 9990911, 1.5762
adinstruments/mongo, 98.9383, 4541699, 2.0192
adiwitcoth/nginx, 97.9776, 482529, 2.8168
abema/mongodb, 91.0422, 39420846, 12.8203
yfix/mysql, 98.2203, 8283601, 2.6150
nangualin/nginx, 99.7944, 52278, 0.4518
eyague/mongodb, 92.1459, 31285744, 12.1121
gebele/mongodb, 99.9741, 60200, 0.0419
drone32bit/mysql, 99.2023, 3590822, 2.3556
pwcdigital/mongodb, 61.2295, 393509359, 106.1958
ethanheadspace/mysql, 98.2514, 6927727, 3.9404
sport1/mysql, 98.6045, 8314361, 1.9717
mygento/nginx, 98.8975, 3646720, 2.8271
codemonkeyai/cassandra, 98.4024, 8047271, 3.0700
funcy/java, 99.5124, 656853, 0.9273
codenvy/mysql, 99.0164, 5305114, 2.0451
honux77/mysql, 67.9313, 438271212, 61.0412
odpks/java, 99.7141, 373759, 0.3173
extendedmind/nginx, 98.9653, 3420925, 5.8696
architek/nginx, 96.3906, 5746109, 10.2555
buddy/mongo, 98.9518, 4489123, 1.9672
coco/mongodb, 99.1132, 3580929, 2.0951
mgbi/mongo, 97.9816, 8174542, 3.4372
delopes/mongo, 91.0837, 35419872, 13.2992
associated/mysql, 99.0041, 5282098, 2.0850
mailu/nginx, 97.3997, 6595343, 4.5522
folsomlabs/java, 90.6746, 37516263, 23.7837
triply/mongodb, 99.0024, 4405375, 1.8985
desertbit/nginx, 98.1941, 3600913, 6.7095
yannickvh/nginx, 98.1946, 3600088, 6.7084
musashisakamoto/mysql, 98.2255, 8276198, 2.6057
bartbons/mysql, 98.4827, 8300761, 2.1772
gebizar/mysql, 98.6278, 8306026, 1.9352
kreable/nginx, 76.3195, 138968621, 57.7998
safaksaylam/mongodb, 98.8246, 6207882, 2.1007
nginx, 98.4295, 3646507, 6.3431
openstec/mysql, 99.4563, 944580, 0.5717
lastbackend/mongodb, 93.5175, 24544419, 13.5877
cdrocker/nginx, 96.3423, 7996695, 7.5313
bastion/mysql, 99.7679, 437859, 0.2550
dreamquark/mongo, 90.7737, 39577142, 13.5247
i386/cassandra, 98.1740, 7450286, 2.9222
ajnouri/nginx, 84.1109, 57295147, 17.1147
nexusmicro/mongodb, 93.5725, 32451294, 11.5474
crossvale/cassandra, 98.6491, 7116525, 2.7060
objectsystems/mysql, 97.7466, 13510329, 7.0561
mediamoose/mysql, 98.0911, 10327377, 2.5958
mcuz/mongo, 98.7962, 4508511, 2.4223
projectclearwater/cassandra, 90.1909, 110337931, 16.6075
bearstech/nginx, 98.8133, 4449917, 105.0498
wen777/cassandra, 98.6852, 7447053, 2.5997
jojo13572001/mongodb, 99.6154, 2762039, 1.1383
guesttoguest/nginx, 98.7932, 3837297, 5.8402
sloppy/nginx, 98.9380, 4000964, 3.7325
smartprocure/java, 96.3669, 35586761, 4.4443
varci/mysql, 99.0143, 5304420, 2.0370
hawkularqe/cassandra, 98.8393, 6044825, 2.3239
slhdev/cassandra, 90.6422, 102716871, 11.8222
micard/mysql, 99.0166, 5289480, 2.0311
navicore/cassandra, 98.7116, 6665611, 2.4643
fabric8/java, 94.7032, 41890400, 9.1380
asteris/java, 97.5554, 23895735, 4.6700
edel/mysql, 100.0000, 0,
sscpac/mongo, 99.3199, 3103414, 1.3252
shaddock/mysql, 89.5799, 69685198, 16.6419
aptible/mongodb, 98.5205, 7771897, 2.5017
ksean/mysql, 82.8261, 64928098, 18.6519
serfera/mongodb, 88.4916, 53770933, 21.7594
davinbao/java, 99.9456, 96637, 0.0689
deeky666/mysql, 94.8471, 32098629, 6.7824
willfarrell/nginx, 95.7773, 1665823, 8.7162
upclose/nginx, 99.6370, 43739, 2.5576
resouer/cassandra, 94.2115, 42176046, 8.9564
tugboatqa/mysql, 96.4001, 27261134, 4.1598
ixbox/nginx, 99.5914, 44761, 3.5465
notnoopci/mongo, 98.7985, 6169157, 2.1535
lrodriguez2002cu/cassandra, 98.2420, 9435435, 3.0893
pat2man/cassandra, 98.7326, 7336030, 2.1758
concreteplatform/java, 98.6856, 10343424, 1.9158
meuralnetgear/nginx, 98.4184, 3649880, 6.4297
webratio/java, 92.8835, 62944561, 9.9269
exasoft/mysql, 87.2086, 156703806, 19.8005
babim/nginx, 77.5574, 65128142, 29.9771
oddlid/nginx, 94.5592, 3387808, 11.4308
keks/mongodb, 84.0331, 116190436, 46.0111
yappabe/nginx, 98.7130, 4205561, 6.3650
gristoi/mysql, 93.7722, 34901126, 7.4809
tcaxias/mongodb, 99.1374, 4387822, 2.4656
nymediaas/nginx, 98.1896, 3606722, 6.7201
phppm/nginx, 99.1335, 786216, 0.9568
agaveapi/mongodb, 95.2614, 24420222, 7.7553
evap/mongo, 96.8444, 8942393, 6.5080
livingobjects/nginx, 65.5776, 10421952, 81.8406
russellluo/mongodb, 92.5609, 39000926, 8.8905
loky9000/nginx, 89.5208, 24397147, 61.5606
opens/mongo, 98.7125, 1835087, 1.3575
junghoo/mysql, 97.2606, 27641688, 3.1717
phpdockerio/nginx, 99.5267, 57130, 3.9536
c4tech/nginx, 98.1942, 3600107, 6.7083
vpecquerie/mysql, 58.7223, 613166189, 86.6123
fastwhitecat/nginx, 98.4722, 4613771, 5.8175
chrishawkins/cassandra, 94.6045, 72390457, 10.2103
maestrano/mysql, 97.9243, 13126907, 4.5012
enriquetaso/cassandra, 87.6718, 138924320, 19.7589
snakeego/mongodb, 99.9722, 109071, 0.0458
liorsep/nginx, 98.2009, 3595865, 6.6518
ivories/mysql, 99.8895, 196184, 0.1300
google/mysql, 95.1505, 22862123, 8.4032
dockerframework/mongodb, 91.3999, 34073600, 12.8102
felixsanz/mongo, 99.9744, 54770, 0.0420
bayraktar/cassandra, 98.4437, 7894258, 3.0134
qasymphony/nginx, 93.1950, 14019827, 25.8843
edisonchat/mongodb, 93.5304, 26444343, 8.7565
aleksandrovd/mongo, 99.1296, 3580929, 2.0374
binsix/mongodb, 70.4278, 441209442, 53.5841
maersk/nginx, 91.8186, 17597629, 25.0110
wedeploy/java, 99.6910, 1599938, 0.5381
macmillan/mongodb, 88.0327, 113784747, 20.3899
kkalandyk/cassandra, 92.1385, 105187706, 11.8751
sofianinho/cassandra, 90.5147, 105260302, 15.9934
iadvize/nginx, 99.0358, 3841118, 3.2743
livingstoneonline/mysql, 99.9018, 234693, 0.1091
flowman/nginx, 98.9199, 215603, 1.7823
jpkroehling/cassandra, 82.5849, 135520018, 43.6699
keopx/mysql, 88.1485, 76016443, 14.7518
tsweb/mysql, 71.2133, 222119972, 41.3828
suet/mysql, 91.3137, 47738949, 10.4054
canopytax/java, 98.8167, 14818832, 1.5239
anvilresearch/nginx, 99.3522, 80675, 5.4619
poklet/cassandra, 72.1616, 153923370, 31.7249
qbtrade/java, 96.5929, 63884097, 4.9640
esycat/java, 97.3545, 32101397, 3.0575
spalmalo/nginx, 98.9631, 3407088, 5.9094
jcdecaux/mongodb, 91.3226, 36401187, 57.5047
duruo850/mysql, 87.8365, 51301938, 26.5330
cityofsurrey/java, 99.7284, 590631, 0.2860
gerbermichi/cassandra, 98.8393, 6044825, 2.3239
voidbridge/mongo, 80.2993, 247635715, 50.4565
passwork/mongo, 94.0074, 24659928, 11.5836
amd64/nginx, 98.4295, 3646507, 6.3431
jbanetwork/mongodb, 98.9073, 5245336, 2.3903
denvazh/java, 99.8192, 219831, 0.2053
citizensadvice/mysql, 98.2272, 8276198, 2.6026
dockenizer/mysql, 99.7112, 530455, 0.3090
rithium/cassandra, 97.4112, 29503370, 5.5759
corpusops/mongo, 98.3753, 9407546, 2.1860
luke92/cassandra, 91.9481, 88860633, 12.9505
wodby/nginx, 97.6330, 1828383, 2.5445
planitar/cassandra, 91.4976, 99463636, 14.5153
hleon256/nginx, 98.9675, 3421671, 5.8248
fabianschwarzfritz/mongodb, 90.9733, 53508768, 14.7105
songshenzong/mongo, 98.7985, 6169157, 2.1535
liumiaocn/mysql, 98.8116, 6647941, 2.1525
ocaner/cassandra, 98.6234, 7440887, 2.7440
davidtp1/mongo, 98.9971, 4494135, 1.8565
afoard/mongo, 92.4854, 48017188, 9.3503
drupaldocker/mysql, 98.2200, 8296435, 2.6199
evilroot/nginx, 97.5853, 6578264, 4.9446
mystrength/nginx, 95.6694, 25996617, 12.4294
imanticsiot/java, 83.7322, 147506498, 21.6682
miguelpeixe/nginx, 99.7958, 52158, 0.4491
dockerize/mongodb, 90.1665, 114344501, 15.0481
image,,,
verbling/nginx, 99.0645, 3293149, 5.6348
aimakun/mysql, 99.3316, 3680580, 1.8480
therealajr/mongo, 99.5010, 3613802, 1.2393
openlmis/nginx, 99.7567, 80721, 0.3872
pam79/nginx, 98.4205, 3646461, 6.4244
tomiti/nginx, 98.1952, 3598743, 6.7059
sdtdensimag/cassandra, 98.4451, 7888978, 3.0114
saisasank001/mysql, 96.0404, 14596531, 11.1008
ahmet2mir/mysql, 96.8995, 14686939, 8.3185
nimmis/java, 91.4962, 61530008, 13.2463
pathwar/nginx, 98.4650, 2682990, 2.9251
docksal/mysql, 97.7443, 7458955, 3.7145
matuskocka/mongodb, 96.5581, 23854382, 8.3477
iwsaas/cassandra, 98.9449, 6632290, 2.8896
macfly/cassandra, 98.6428, 7116525, 2.7247
tbaltrushaitis/mongodb, 92.3539, 31754318, 11.5708
ppc64le/cassandra, 98.3508, 7505344, 2.8781
heroku/java, 95.6041, 123923595, 9.0287
bearstech/java, 99.3455, 4833528, 2.2733
ignatov/mysql, 99.3956, 3274065, 1.2919
aku1/nginx, 97.2065, 13198087, 10.9100
capaldijo/mysql, 99.2870, 3896334, 2.3617
klaemo/nginx, 79.3738, 69438516, 23.6877
openapphack/mongodb, 85.4597, 56472219, 32.3323
java4job/java, 98.3448, 23083740, 3.0875
miko2u/nginx, 91.0456, 39079875, 145.0470
appsdeck/mysql, 97.9159, 20551314, 5.0444
apporbit/mysql, 97.9783, 13407131, 5.8275
relevancelab/mongodb, 93.2948, 68226673, 13.7714
edvisor/nginx, 99.7679, 56339, 0.4882
datasolvr/cassandra, 98.8253, 6057432, 2.3842
klemenb/mysql, 98.5030, 8315437, 2.1356
jesuejunior/nginx, 88.8562, 24388972, 96.4518
dqneo/mysql, 98.7346, 6649162, 2.3529
fredrikroos/cassandra, 84.3259, 246595772, 28.0760
orcamicroservices/mysql, 98.4962, 7819765, 2.7559
conyac/mysql, 82.8448, 156058493, 17.9692
lukaszm/mongodb, 96.8340, 13603228, 5.2961
kardasz/mongodb, 99.1935, 4525821, 1.8176
shoaibmohammed/mysql, 98.8052, 6450293, 2.5282
idoall/mysql, 99.0494, 5335396, 1.9255
asterios/mysql, 97.3004, 11051821, 3.7802
audris/cassandra, 98.9755, 9813338, 1.5382
mpl7/mongo, 93.7661, 31284441, 7.0397
baricio/mysql, 99.2341, 4002529, 2.0018
tedneward/java, 98.1103, 24675402, 3.2567
linntroll/mysql, 99.3957, 3690524, 1.5691
klabs/mysql, 97.8208, 8357149, 4.7163
conube/mongodb, 99.9468, 79378, 0.1069
dabansal/cassandra, 98.2427, 7436200, 2.7778
bholt/cassandra, 91.7400, 248923851, 17.5134
socialtablesops/mysql, 98.2174, 8278857, 2.6186
fabiomendescom/cassandra, 99.2128, 4577711, 1.8434
yoda31217/java, 95.8556, 36545548, 4.9088
pivote/mongo, 98.7689, 6125008, 2.1911
christobill/cassandra, 91.6077, 94238801, 14.6411
nrandell/mongo, 99.6351, 2644263, 0.7002
amazeeio/mongo, 99.9805, 56034, 0.0340
ahmadiq/java, 94.9382, 34404524, 5.7181
mateusmiranda/mysql, 94.2291, 38852926, 10.4008
wenzizone/mysql, 90.2531, 49572252, 25.0557
mcgregorandrew/cassandra, 98.7456, 6453521, 2.4493
autopilotpattern/nginx, 97.7271, 5854750, 4.6796
seleme/mysql, 98.2223, 8273004, 2.6111
fusonic/mysql, 98.2199, 8278849, 2.6144
aminjam/mongodb, 99.2114, 4138114, 1.1696
bluemeric/cassandra, 88.7852, 147601921, 14.5480
liudonghua123/mongodb, 88.4630, 66309818, 33.1333
kapost/mongo, 98.3059, 5259621, 2.8404
techcto/mongo, 98.5647, 6571253, 2.2034
samsulmaarif/mysql, 85.4881, 89619154, 42.2323
austburn/cassandra, 98.8215, 5999298, 2.3826
ginolegaltechparis/nginx, 96.9674, 5811868, 8.8965
ncarlier/cassandra, 98.6316, 7170918, 2.7131
mongo, 98.6546, 6578732, 2.0384
centurylink/mysql, 92.5551, 27205837, 18.0382
epenia/cassandra, 98.8201, 6006025, 2.3852
buddy/mysql, 98.5821, 6793438, 3.0981
e96tech/mongo, 98.9228, 6479409, 1.8125
aku1/mysql, 97.7916, 14882255, 5.6331
centerx/nginx, 98.4119, 3685798, 6.4926
xpxstar/mysql, 98.9092, 6453250, 2.2146
tiredofit/mongo, 91.3794, 88430225, 19.5846
ohmcoe/nginx, 98.4249, 3646482, 6.3846
aplimouzin/mongodb, 97.1662, 12064679, 7.5905
tmather99/nginx, 98.8884, 251006, 1.6817
treenity/mysql, 98.9329, 5611349, 2.1522
syoya/nginx, 95.6635, 1510974, 11.9613
webstream/mysql, 98.2224, 8273008, 2.6111
idalko/java, 92.4117, 100668113, 10.0458
xalt/mysql, 98.4647, 6971955, 3.0103
bigtruedata/java, 98.5259, 6597294, 3.5061
joseenrique/cassandra, 98.6475, 7116245, 2.7111
timonier/mysql, 98.1315, 10463962, 2.5216
stefanofontanelli/cassandra, 97.3840, 32178631, 4.3610
trollin/mysql, 98.4988, 8309268, 2.1431
lefan/cassandra, 67.2885, 307138068, 38.8714
i386/nginx, 98.4535, 3643933, 6.2629
lovedeer/mongodb, 90.9782, 41207642, 12.8749
azukiapp/mysql, 99.3890, 3725352, 1.5872
devbeta/mysql, 74.6785, 816742469, 37.9581
suboss/cassandra, 76.4829, 302277313, 38.5720
engines/mysql, 65.6748, 329974628, 79.4879
tugboatqa/mongo, 91.0194, 67475107, 11.1788
makeusabrew/mongodb, 100.0000, 0, 0.0000
admatic/cassandra, 98.1857, 7541142, 2.8668
fruitionsciences/java, 99.0160, 79703298, 1.7433
trainingteam/nginx, 98.9637, 3426851, 5.8795
firethorn/java, 80.3269, 262126700, 38.5017
ikoobdevops/mongodb, 98.7267, 6442659, 2.2920
infomir/nginx, 97.2582, 6190372, 6.6367
zjybb/nginx, 97.8782, 553106, 3.0642
hibu/mongodb, 96.1275, 42565671, 7.7449
kennship/cassandra, 72.1556, 154005803, 31.7391
vixlet/nginx, 98.7047, 3294702, 42.9855
ikovacevic/java, 89.0709, 77069328, 14.2645
frederikschmidt/cassandra, 98.7660, 6075204, 2.5178
wplib/mysql, 98.2200, 8296483, 2.6199
akilli/nginx, 99.1552, 138670, 1.7198
darthjson/mysql, 76.4044, 99939970, 46.6178
d0dic/mysql, 76.8611, 121706589, 53.9658
jordi/nginx, 81.7013, 65169848, 24.6185
teja0957/cassandra, 98.2411, 7461293, 2.7857
webhippie/java, 99.5310, 1806772, 0.5564
integrisio/cassandra, 98.1877, 9497161, 3.5811
jeromefitz/mongodb, 93.4597, 26992902, 9.8126
lol233/java, 93.0528, 64886399, 12.5592
waja/nginx, 68.2790, 6464581, 140.1424
jonathans121/cassandra, 95.3655, 40128709, 7.3844
patagonicus/mysql, 93.8468, 18549112, 9.1767
linarotechnologies/nginx, 99.6224, 78988, 0.6836
whatwedo/nginx, 99.2273, 5861670, 87.9960
akaillidan/mongodb, 98.8405, 5676129, 2.5635
alang/nginx, 98.2051, 3585412, 6.6629
datenbetrieb/nginx, 98.2548, 6817037, 4.4506
autopilotpattern/mysql, 95.5703, 37601250, 10.2016
jmaulion/cassandra, 98.2429, 7439966, 2.7770
shorlak/mongo, 99.9749, 54510, 0.0414
netbisect/java, 99.8908, 109007, 0.1401
twistedogic/cassandra, 95.2450, 42597843, 5.6849
webhippie/mongodb, 92.5009, 60082832, 10.7526
rxvallejoc/java, 99.8602, 225139, 0.1569
ipunktbs/nginx, 94.7377, 24880794, 12.2831
scaleway/java, 94.0761, 51663804, 7.8648
huahaiy/cassandra, 98.1140, 15412239, 2.0615
eltscheminov/mongodb, 96.7594, 24538805, 4.4698
scalp42/cassandra, 98.7913, 6199327, 2.4327
kardasz/nginx, 97.9761, 4673937, 14.9398
gjchen/nginx, 93.0906, 1923011, 16.5947
lesongjia/cassandra, 98.9376, 6684208, 2.9120
kengsarun/mongo, 98.9962, 4494253, 1.8588
cityofsurrey/nginx, 99.7078, 65003, 0.5635
icescrum/mysql, 98.0915, 7450023, 3.0144
openkbs/cassandra, 98.4488, 7906292, 3.0066
cameronmalek/nginx, 99.7624, 157043, 0.2916
scottabernethy/mongodb, 98.8263, 5510100, 2.5795
opositatest/nginx, 98.4140, 3678857, 6.4811
ramkri123/cassandra, 90.9303, 106358634, 15.0858
abema/nginx, 99.8490, 53928, 0.2948
mlda065/cassandra, 83.8560, 219056249, 29.3953
passion4/nginx, 97.6551, 4163460, 7.8718
cyberdojofoundation/java, 99.3396, 799557, 0.7147
avizia/cassandra, 96.5532, 75051223, 5.8820
damiang/nginx, 98.1897, 3602666, 6.7400
frilansfinansse/mysql, 98.8546, 5281523, 2.5900
aaditiphadtare/cassandra, 75.7928, 136455417, 27.6884
vivasaayi/mongodb, 96.0636, 31104963, 5.9407
frodenas/mysql, 90.8660, 77165308, 15.4237
garlic/nginx, 96.5095, 13804826, 17.2075
isom/mysqldb, 93.3123, 38083804, 11.8081
sameersbn/mongodb, 88.6600, 28563800, 65.5758
an0t8/nginx, 94.5902, 10051671, 12.9459
nafajardo/cassandra, 76.8451, 154390519, 39.4435
sommereng/mongodb, 98.7693, 6121938, 2.1901
karrieretutor/nginx, 96.5402, 7487231, 10.2640
samuelcstewart/java, 96.8079, 30633686, 4.2646
johnny2015/mysql, 99.9998, 1872, 198.5154
kubekit/cassandra, 98.7811, 7128172, 2.1124
livingobjects/mysql, 97.8785, 15033983, 5.2236
vaibhavtodi/java, 92.6965, 81197601, 12.3787
smartlab/nginx, 95.8387, 1432405, 10.3388
kobotoolbox/mongo, 80.7081, 298183607, 39.7489
talklead/nginx, 95.1396, 7422251, 12.0673
synopsis/mysql, 98.2199, 8278849, 2.6144
ascendhit/mysql, 98.8494, 5276160, 2.5894
zooniverse/nginx, 83.1501, 74090820, 41.6328
sacashgit/mongo, 85.7669, 48666527, 14.4137
ley21/nginx, 98.9311, 3487236, 4.5889
bigm/mongodb, 85.9711, 122094707, 28.6364
stormshield/mongodb, 99.5591, 3885060, 0.9649
cpuguy83/mongodb, 85.7578, 118951660, 30.7062
chregu/mysql, 73.2286, 243417959, 70.8693
ryurkov/nginx, 89.0666, 27217678, 62.4633
trumanz/cassandra, 92.8587, 107988115, 11.6081
imolko/mongodb, 97.8194, 6646505, 3.4482
advice/mongodb, 95.8603, 33918743, 6.4604
renothing/nginx, 98.8592, 127606, 4.5649
imolko/mongo, 98.2557, 8221884, 2.8412
circleci/java, 85.1398, 206808257, 18.7456
kharmajbird/mongo, 98.9060, 5266292, 2.3998
hunet/java, 97.5187, 9811220, 5.1265
oliverwehn/mongodb, 93.7338, 24541276, 12.6946
appsdeck/mongo, 90.5875, 40280584, 13.7852
egovio/nginx, 99.0379, 207268, 1.3568
rstarmer/nginx, 98.2027, 3586110, 6.6777
overlordyorch/cassandra, 84.9023, 173071305, 21.5149
sofitlabs/java, 99.9253, 706274, 0.1552
redwolf3/java, 94.2882, 39422028, 10.6912
jpgriffo/java, 99.6184, 4476302, 0.5886
radiantwf/mongodb, 92.6800, 36333079, 10.0554
uwitech/mongodb, 98.7828, 6169694, 2.1896
dreamlike/cassandra, 98.6460, 7133537, 2.7209
nyccamp/mysql, 84.2459, 82496465, 20.2428
schmunk42/nginx, 98.4227, 2784807, 2.9817
juanpedromoreno/cassandra, 73.7489, 383875394, 34.4976
sphericaldefence/nginx, 98.4160, 3656864, 6.4415
nvucinic/nginx, 71.0174, 141308074, 113.3497
freenas/mysql, 98.5702, 7702863, 2.6661
horx/mysql, 99.2562, 3378898, 1.7013
maxexcloo/nginx, 98.8986, 4226952, 3.4783
scullxbones/mongodb, 93.8796, 27434930, 8.7066
portail/nginx, 98.2084, 3586974, 6.6364
circleci/mysql, 98.5690, 8333966, 2.0331
jcampan/cassandra, 99.0832, 12830341, 1.4765
petrasystems/mongodb, 49.6170, 682999538, 106.6123
fgaudin/nginx, 88.8974, 58781984, 15.4313
itiqiti/nginx, 99.7058, 78900, 0.4952
dockette/nginx, 98.4542, 4327344, 6.0839
mazdahws/mysql, 97.9480, 8584718, 2.9793
mszcodewise/cassandra, 77.9600, 112136613, 22.5121
munkyboy/java, 96.3648, 40021682, 5.1591
tlodge/mongo, 95.0413, 24538979, 8.3539
karun74/mysql, 99.2482, 3443422, 1.7396
excellalabs/mongo, 98.5719, 6580232, 2.1899
starlkj/mysql, 93.8657, 38755623, 10.1351
konstruktoid/nginx, 85.5229, 1689565, 38.9370
konstruktoid/mongodb, 88.7029, 46216975, 15.5484
anthonyamanse/cassandra, 98.3147, 7912518, 3.1325
rgrmarketing/nginx, 97.7907, 4865615, 5.6159
kdihalas/mongodb, 100.0000, 0, 0.0000
devcamaws/cassandra, 98.2430, 7436486, 2.7771
mhcii/mysql, 98.6046, 8331611, 1.9758
nicomalig/mysql, 98.2200, 8296435, 2.6199
grapeupci/java, 97.5047, 15478894, 3.1297
guesttoguest/mongodb, 99.1966, 4023180, 2.2687
gewo/mongodb, 91.7939, 65401402, 18.0085
vrtsystems/nginx, 98.6312, 5440506, 3.2128
ccistaging/mysql, 98.5411, 8333078, 2.0784
brunohenrique/mongodb, 93.4946, 24512055, 6.6667
openeats/nginx, 99.7830, 53943, 0.4682
babim/mongodb, 89.4462, 40645905, 12.9413
dexec/java, 99.7292, 3498003, 0.5835
cxdstepbystep/nginx, 98.4193, 3645817, 6.4361
tmobilecf/cassandra, 98.0571, 8860841, 3.0774
trurlmcbyte/nginx, 99.8656, 163887, 0.1648
hreeinfodb/mongo, 99.9606, 132151, 0.0523
glot/java, 98.6054, 12684074, 2.4218
cs50/mysql, 98.0917, 7447849, 3.0140
notnoopci/mysql, 98.5570, 7702018, 2.7009
ignatiusyeow/cassandra, 99.1966, 5078123, 2.0223
bradegler/mongodb, 95.2798, 49441802, 5.4616
naturalintelligence/java, 99.1194, 9257074, 1.3393
commandeonline/mongo, 98.9527, 4441994, 1.9753
ryu2492/mysql, 91.1314, 37879458, 10.9894
minidocks/java, 99.5670, 606621, 0.8054
asekuro/mysql, 79.6789, 196484934, 23.9471
metatronx/mysql, 98.2174, 8278845, 2.6186
caseblocks/mongodb, 93.7316, 24536225, 12.7333
s390x/nginx, 98.4152, 3647051, 6.2450
timherman/mysql, 99.2744, 3139583, 1.2022
convox/mysql, 98.3659, 5511537, 2.7604
vkarassouloff/java, 99.3519, 5456410, 1.1786
darwin4322/mysql, 94.2270, 32825582, 17.9236
mrlesmithjr/mysql, 99.6822, 874855, 0.3312
learninglayers/mysql, 88.6901, 56115057, 20.4460
amd64/mysql, 98.5693, 8332617, 2.0328
ilios/nginx, 51.8970, 106860571, 98.7961
apifocal/java, 92.8160, 38385822, 9.7561
gatoralli/cassandra, 100.0000, 0, 0.0000
almundo/java, 97.7801, 18780978, 3.5551
rebyn/cassandra, 98.4389, 7913258, 3.0203
yyqqing/mysql, 98.5413, 8331751, 2.0781
quadstingray/mongodb, 99.1931, 3599357, 1.9343
zroof/nginx, 95.8373, 1432345, 10.3431
unfall24/nginx, 99.7825, 138804, 0.2806
podgroup/cassandra, 98.6475, 7116245, 2.7111
stangenberg/java, 98.8549, 2477524, 2.3604
bowery/mongo, 100.0000, 0, 0.0000
xiahoufeng/cassandra, 95.6114, 45074172, 11.7123
smartua/mongodb, 99.5406, 3116381, 1.3877
miaoyq/cassandra, 90.5111, 105314338, 16.0003
gears/mongodb, 99.9270, 212988, 0.0837
jetlabs/mongodb, 93.7925, 24560800, 12.4047
maxking/mysql, 98.5075, 8295631, 2.1300
smokserwis/cassandra, 98.0392, 8056253, 3.2067
